HES US Equity,NEM US Equity,INTC US Equity,IFF US Equity,MOS US Equity,EXC US Equity,KMB US Equity,JNJ US Equity,BAX US Equity,F US Equity,COP US Equity,WFC US Equity,WY US Equity,TGT US Equity,MMM US Equity,CMI US Equity,HAS US Equity,DUK US Equity,EMN US Equity,BK US Equity,UFS US Equity,ECL US Equity,SLB US Equity,UPS US Equity,T US Equity,NSC US Equity,PPL US Equity,MO US Equity,JLL US Equity,C US Equity,ABT US Equity,AMD US Equity,CVX US Equity,CMA US Equity,DTE US Equity,HSY US Equity,KIM US Equity,NBL US Equity,IBM US Equity,WELL US Equity,IR US Equity,BKR US Equity,WEC US Equity,OXY US Equity,WMB US Equity,UNP US Equity,WM US Equity,CCL US Equity,Date1,Date2
-4.479339,-9.406045,-4.901961,-3.330092,-10.41353,-6.650297,-6.780725,-2.406459,-1.857532,8.4,-6.011357,5.33531,-7.398323,5.995452,-2.636991,-1.526385,-4.086089,-3.951191,-6.158699,4.325181,-12.34434,-1.525348,-2.504225,0.6972285,-8.149221,-10.22511,-8.727948,1.171676,-5.612583,0.3021148,-1.235416,-22.93388,-6.325497,16.70612,-3.555861,1.788209,-6.725794,3.819152,-6.501146,-2.978339,-9.177392,12.21877,-1.786073,-3.700062,-1.13852,-5.320814,-5.205561,5.175134,2009-12-31 00:00:00,2010-01-31 00:00:00
1.747707,14.979,6.671663,5.883832,9.216614,-3.945733,2.27311,0.9923321,-1.146032,8.302583,1.023123,-3.663107,1.253133,0.8252212,0.2299236,26.12044,17.11948,0.3746131,5.342296,-1.959436,7.617871,-4.009111,-3.40443,2.521617,-2.16877,10.05294,-3.42489,1.309164,11.71724,2.409639,2.531167,6.032172,1.209586,4.549406,3.282588,10.0304,10.06339,-1.514976,4.366228,0.168924,-1.474259,5.830389,-0.2129519,1.927495,3.358925,11.80492,3.026521,8.208021,2010-01-31 00:00:00,2010-02-28 00:00:00
6.552083,3.553801,8.572821,13.82579,4.07604,1.177829,4.66159,3.492064,2.732195,7.069847,6.604167,13.8259,12.05446,2.096273,4.266999,9.105319,6.987144,-0.1834862,7.696577,8.274895,23.22556,4.670282,3.86252,9.652707,4.151552,8.671981,-1.526544,3.740444,14.44497,19.11765,-2.947679,17.19343,4.882434,5.576445,3.923675,7.671026,13.7509,0.4955947,0.8571878,6.775259,9.276089,-2.253756,2.023539,6.302256,7.761559,8.802137,5.254409,8.120133,2010-02-28 00:00:00,2010-03-31 00:00:00
1.598721,10.11192,2.467474,5.076568,-15.84663,-0.5021685,-2.576336,-1.380368,-18.86598,3.579952,15.67325,6.394601,9.499057,8.11787,6.102668,16.59403,0.8461239,2.818627,5.08794,1.10001,9.982922,11.12628,12.54333,7.34358,2.502761,6.154947,-10.64598,3.265107,8.217862,7.901235,-2.068007,-2.157497,7.398128,10.41009,8.004484,9.810792,-0.3196931,4.657534,0.5847953,-0.6632766,6.051047,6.233988,6.274034,4.873433,2.207792,3.219645,0.7261109,7.253087,2010-03-31 00:00:00,2010-04-30 00:00:00
-16.28639,-4.029957,-5.550986,-11.15991,-9.626484,-10.34488,-0.9141365,-8.501832,-10.56756,-9.907834,-11.43767,-13.21679,-14.01454,-3.814011,-9.987081,-5.643434,4.666319,-3.502466,-9.75792,-12.62448,-13.60813,-3.296478,-21.08653,-8.588891,-6.753645,-4.282752,4.240711,-4.247286,-5.282625,-9.382151,-7.036747,-5.512679,-8.455003,-9.285714,-5.522109,0.2375016,-8.274535,-21.93978,-2.3899,-2.517121,0.8923743,-23.10122,-5.965246,-6.936612,-16.349,-5.146491,-5.353629,-12.88282,2010-04-30 00:00:00,2010-05-31 00:00:00
-5.199633,14.91966,-9.197012,-4.156645,-15.57288,-1.632124,0.9636294,1.303602,-3.084078,-14.0665,-5.341303,-10.7703,-17.33208,-9.829452,-0.40348,-4.19241,2.366127,0.2506266,-10.9889,-9.227942,-19.34338,-4.594763,-1.442565,-9.353091,-0.4526749,-6.039674,-1.994738,0.4894174,-12.03431,-5.050505,-1.640034,-14.58576,-8.135915,-3.204238,1.318314,2.41453,-4.905006,1.412002,-1.421044,-2.228412,-7.384812,8.993183,3.55102,-6.052538,-6.83951,-2.687946,-3.752692,-16.53326,2010-05-31 00:00:00,2010-06-30 00:00:00
6.456099,-9.459022,5.912596,6.97784,22.24218,10.16592,5.756226,-1.642398,7.701772,26.68651,13.62121,8.3203125,24.24935,4.372585,8.292189,22.23246,3.16767,6.875,17.3913,1.900434,19.0234,8.906702,7.806288,14.25558,9.085543,6.069746,9.378757,10.57884,18.00731,9.042553,5.885025,2.322404,12.30474,4.154222,1.205876,-1.94033,12.12798,11.15531,3.984451,7.573599,8.611192,16.47741,6.976744,1.011017,6.181619,7.423392,8.501119,14.68254,2010-06-30 00:00:00,2010-07-31 00:00:00
-6.232506,9.695886,-13.59605,0.6831203,23.22816,-1.414644,0.4366812,-0.9217378,-2.787297,-11.62882,-5.052517,-14.92189,-3.205919,0.1679623,-7.595011,-6.229832,-4.246738,1.906446,-1.740102,-3.230953,2.598291,-3.087303,-10.26359,-1.130702,4.202004,-4.006679,-0.476365,0.7220216,-2.517428,-9.536586,0.5297474,-25.10013,-1.894977,-10.29718,1.494801,-0.4617124,-1.078301,4.32518,-3.625399,2.905586,-13.1607,-22.14626,3.43402,-6.223534,-5.951605,-1.879414,-2.533137,-9.820154,2010-07-31 00:00:00,2010-08-31 00:00:00
17.86251,2.682291,8.689499,6.780023,0.1704739,4.56778,2.018187,8.663627,12.88364,8.462561,9.536525,6.645435,0.3821656,4.456607,10.38829,21.73095,10.28246,3.084983,21.03485,7.708161,8.015224,7.377199,15.52597,4.52978,5.808361,10.86066,1.553051,9.358893,14.24977,5.41925,5.877584,26.73797,9.408748,8.104783,-0.7878665,2.410157,5.584437,7.60963,8.941769,3.069889,9.997746,13.35817,3.69573,7.670108,5.405406,12.14697,9.01386,22.46632,2010-08-31 00:00:00,2010-09-30 00:00:00
6.613667,-3.104601,4.427083,3.380049,24.50647,-4.133396,-2.628747,2.872821,6.749109,15.44118,4.355146,3.762692,2.918782,-2.806886,-2.871641,-2.737911,4.47692,2.823264,6.175676,-3.752664,22.88634,-2.798581,13.43938,0.9746588,1.18368,3.327172,-1.358795,5.818069,-9.516634,6.649616,-0.9482949,3.164557,1.9124,-3.687752,1.807098,3.992435,10.4472,8.509789,7.052333,7.942544,10.08121,9.322541,3.010381,0.4214559,12.55887,7.188264,-0.05595971,13.05486,2010-09-30 00:00:00,2010-10-31 00:00:00
11.13755,-3.335524,6.335213,4.704944,-7.494374,-2.305931,-2.289233,-2.59884,-4.673081,12.80962,1.317617,4.610197,3.210988,10.11924,0.3386222,10.54684,3.048649,-2.316237,-0.9672903,7.701516,-4.334677,-3.061638,10.96141,4.862227,-2.559607,-1.579699,-5.398362,-5.576866,2.373204,0.7194245,-9.372564,-0.613497,-1.117653,1.984349,-4.726262,-4.78635,-3.195816,-0.07150766,-1.053057,-8.20812,4.29916,12.36536,1.828264,12.13277,6.043701,3.204884,-3.237838,-4.078575,2010-10-31 00:00:00,2010-11-30 00:00:00
9.411633,4.666368,-0.6026232,6.361991,12.90847,5.765811,2.943657,0.4874086,4.91661,5.332497,13.17933,13.89195,13.42121,5.602388,2.762563,13.27224,-1.007134,1.481481,8.681936,11.89329,0.2991862,5.8277,7.96483,3.493512,5.721483,4.404188,5.01421,4.152012,5.136557,12.61905,3.010105,12.2085,12.69606,16.04328,2.983471,0.7478632,9.361355,5.944615,3.746642,2.938634,15.03469,9.605062,-2.258386,11.72751,8.950221,2.829875,7.649635,11.61946,2010-11-30 00:00:00,2010-12-31 00:00:00
9.903318,-10.35325,2.044698,2.626372,6.128863,2.089337,2.680838,-3.362975,-4.207823,-5.002978,4.933921,4.614392,22.45114,-8.814236,1.877173,-3.754204,-6.017328,0.3930376,10.44244,3.704934,15.81928,-1.447838,6.57485,-1.322678,-4.949097,-2.594715,-2.013678,-4.50853,5.624404,1.902748,-4.868251,-4.278728,4.032876,-9.564394,2.074139,-0.9756098,0.2771619,5.831784,10.3843,3.02267,0.2335952,19.83558,2.429494,-1.447502,9.182848,2.126052,2.712232,-3.036218,2010-12-31 00:00:00,2011-01-31 00:00:00
3.459344,0.3631741,0.8870454,-0.1752848,5.998487,-0.5380961,1.807508,3.724775,9.610229,-5.642633,9.922387,-0.3414649,5.959023,-3.711535,5.527075,-4.26978,1.837151,1.997755,0.5922894,-2.689721,-0.6027522,-2.113101,5.262612,3.760478,3.125,7.878312,-1.39589,7.911527,11.03339,-2.904564,6.510186,17.62452,10.10271,1.832461,1.77259,12.82411,7.131011,1.918346,0.3170843,7.917371,-4.025424,3.934485,-0.9352591,5.471659,12.48611,1.233112,-2.138896,-4.054552,2011-01-31 00:00:00,2011-02-28 00:00:00
-1.966889,-0.9642124,-6.008384,9.885987,-8.270239,-1.245211,0.1197362,-3.564453,1.757681,-0.9302326,2.555541,-1.486741,0.7783695,-4.833492,1.376992,8.405854,4.320713,0.889383,6.85779,-1.711089,5.313025,5.272747,-0.1712695,0.7046071,7.857646,5.626716,0.8521866,4.157928,1.341191,-5.555555,1.975052,-6.623236,3.604819,-5.362938,5.225715,3.879969,-5.366357,4.306065,0.7351124,0.4212945,6.806419,3.349754,3.04054,2.938386,3.131137,3.060476,1.672717,-10.10077,2011-02-28 00:00:00,2011-03-31 00:00:00
0.8801784,7.383657,14.71754,1.958266,-4.876953,2.255092,1.210357,10.91983,5.82109,3.755868,-1.214626,-8.199306,-6.463415,-1.819636,3.967914,9.633279,0.6456473,2.754821,7.984293,-2.610261,1.351057,3.410427,-3.763671,0.8745964,3.100859,7.810019,8.418972,3.111794,2.646882,3.846154,7.105256,5.813953,1.814122,3.295207,3.206699,6.182153,7.61386,-0.3931713,4.605384,2.536232,4.533223,5.420128,2.327869,9.378888,6.382297,5.227296,5.677557,-0.7559958,2011-03-31 00:00:00,2011-04-30 00:00:00
-8.06189,-3.480635,-2.014832,0.850126,-5.356666,0.4816813,3.390857,3.279805,4.604569,-3.555268,-6.344631,-2.135725,-5.751136,1.376736,-2.342788,-12.21889,-2.34842,1.823098,-1.305361,-2.935083,10.16986,4.018196,-4.208378,-1.288443,1.413882,-1.291468,2.770689,4.545455,-4.960306,-10.32635,0.4035358,-4.615385,-3.394594,-4.798313,2.157134,-2.826735,-0.1535312,-2.990542,-0.5275075,0.3014048,-1.188119,-4.290128,1.022128,-5.634789,-5.366295,1.916458,-0.6082109,2.577451,2011-04-30 00:00:00,2011-05-31 00:00:00
-5.274063,-4.231312,-1.554865,0.7189656,-4.40367,2.365591,-1.505472,-1.144301,0.8234823,-7.573727,2.690522,-1.092704,1.485608,-5.289723,0.4979869,-1.662866,-3.957149,0.4266667,-3.112092,-8.858058,-7.22934,3.066477,0.7932804,-0.7620084,-0.4752852,2.209794,-0.002969211,-4.552165,-2.933608,1.190766,0.708134,-19.47005,-1.97312,-3.980074,-1.938231,2.00969,-4.459252,-3.830472,1.550938,-1.42884,-8.744037,-1.853104,0.2558363,-3.099715,-2.984963,-0.5430123,-4.140946,-3.040453,2011-05-31 00:00:00,2011-06-30 00:00:00
-8.293205,3.038725,0.767148,-4.778954,4.414587,2.871148,-1.802885,-2.600722,-2.54649,-11.45758,-3.422339,-0.427655,-8.554438,9.763376,-8.128624,1.343125,-9.267148,-1.221455,-5.368865,-1.483014,-15.59333,-11.31607,4.594907,-5.08707,-5.562319,1.027626,0.2515271,-0.4165089,-9.734889,-7.900956,-1.583408,5.007153,1.147413,-7.347411,-0.3598561,-0.7211961,3.073407,11.21276,6.00408,0.6675568,-17.59524,6.642778,-2.232855,-5.632449,4.793388,-1.83908,-15.50845,-11.50678,2011-06-30 00:00:00,2011-07-31 00:00:00
-13.44807,12.60565,-8.984219,-5.149583,0.6528044,-0.9052165,5.813953,2.459451,-3.764827,-8.927109,-5.445201,-6.174927,-9.038372,0.9593632,-4.126771,-10.97828,-2.072801,3.140097,-14.34931,-17.6822,0.4627892,7.2,-13.27592,-1.830879,-2.665755,-10.05946,3.512545,3.38403,-21.39333,-19.01408,2.318784,-6.948229,-4.221051,-20.10615,1.444623,4.538507,-6.988965,-11.13668,-5.039497,-1.937675,-10.44896,-20.84767,4.172425,-11.65207,-14.19157,-9.590208,4.922197,-0.02484259,2011-07-31 00:00:00,2011-08-31 00:00:00
-11.44987,0.9944831,5.98609,-2.599309,-31.15422,-1.182746,3.724496,-3.206687,0.8453665,-13.03957,-6.978111,-7.586207,-13.75485,-5.089994,-13.48518,-12.11795,-15.82344,5.711264,-16.57798,-10.06289,-14.74891,-8.479697,-23.54071,-6.291735,0.1404494,-9.840425,0.04447202,0.1466212,-22.56763,-17.50403,-2.609027,-25.62226,-6.323351,-9.861225,-1.908722,1.005968,-15.08475,-19.87325,1.721831,-8.163265,-15.86256,-24.48045,-1.106195,-17.12123,-9.818451,-11.39199,-0.4083315,-8.265213,2011-08-31 00:00:00,2011-09-30 00:00:00
19.25276,6.163622,15.02226,7.719673,19.58342,4.177423,-1.830728,1.099074,-2.066263,20.78594,11.07975,7.421227,15.62701,11.64356,10.07104,21.76096,17.63239,2.151076,14.66511,15.13478,20.15549,10.12477,23.00352,11.22724,4.330957,21.25533,2.908199,2.760164,24.72496,23.32618,6.304509,14.76378,13.45718,11.23204,6.30355,-3.392978,17.71699,26.18644,5.581289,12.58547,10.82236,25.65547,3.643337,29.98601,23.70583,21.91747,1.136364,16.20462,2011-09-30 00:00:00,2011-10-31 00:00:00
-3.740409,3.067485,2.388595,-10.40291,-9.823742,0.9998149,2.524745,1.447578,-6.038559,-9.246575,2.397703,0.2798567,-5.818052,-3.195827,3.281048,-2.708899,-5.911718,3.36759,0.8399084,-8.552631,-4.12648,5.906389,2.895594,2.919708,-1.125896,2.696918,2.213143,4.137931,-0.0617619,-12.98218,1.262298,-2.401372,-1.338231,-1.291585,1.036269,1.40325,-9.730968,10.39516,2.233117,-3.421084,6.392548,-5.580118,3.140858,6.412739,7.206908,4.489019,-3.887183,-4.96121,2011-10-31 00:00:00,2011-11-30 00:00:00
-5.505505,-12.42337,-2.649538,-2.827392,-4.416224,-2.121417,3.944511,1.328801,-3.587532,1.509434,2.173303,6.573859,11.19714,-2.808349,0.8514314,-8.626596,-10.94666,5.515587,-0.7105893,2.312436,2.300085,1.75604,-9.318996,2.006969,4.347826,-3.547789,-0.8264028,4.767036,-4.905309,-4.257642,3.079743,-5.096661,3.481813,2.707981,4.598352,7.108183,4.185162,-4.065454,-2.191489,8.690453,-7.657394,-10.93206,5.364677,-4.805137,3.086637,2.446572,4.504792,-1.686747,2011-11-30 00:00:00,2011-12-31 00:00:00
-0.8802817,2.449592,8.948454,6.466997,11.08467,-8.277611,-2.718869,0.5032022,12.12611,15.90019,-6.39495,5.986938,7.230852,-0.8004686,6.093234,18.15496,10.42307,-3.136364,28.82744,1.762155,8.029015,4.549386,10.04245,3.361115,-1.302919,-0.9058468,-5.540449,-4.215852,28.56676,16.76169,-2.865018,24.25926,-3.082707,7.248062,-2.277319,-1.133053,12.37685,6.653247,4.742223,4.914726,14.67017,1.007401,-2.745996,6.478122,6.885896,7.900699,6.267197,-7.47549,2011-12-31 00:00:00,2012-01-31 00:00:00
15.31083,-3.342551,2.540119,2.185988,3.180275,-0.4704405,1.844606,-0.3861592,4.776496,-0.3220612,13.24467,7.55091,5.090981,12.21179,1.711453,16.31162,1.174449,-0.6541579,7.571542,9.836065,10.98634,-0.7279947,3.611202,2.527043,4.012241,-3.953524,2.734797,5.985916,3.364652,8.497447,4.542936,9.538003,6.634778,7.300325,1.46589,0.004750698,0.8767123,-2.791237,2.541378,-3.604035,14.13852,2.643811,1.113011,4.610604,3.678001,-3.03845,0.6329114,1.131053,2012-01-31 00:00:00,2012-02-29 00:00:00
-9.04893,-13.17274,4.594494,3.310497,-4.25974,0.7277056,2.436029,1.352182,3.438028,0.7673667,-0.7054213,9.435453,4.930589,2.787088,1.8379,-0.4395787,3.96376,0.4302103,-4.031304,9.136138,-0.1615694,3.212147,-9.895632,4.844785,2.092187,-4.455733,0.2591693,3.955111,2.333866,9.693877,8.267091,9.115646,-1.750367,9.336103,3.020612,1.037891,4.617056,0.1331285,6.059066,0.95518,4.108727,-16.58711,3.2277,-8.264052,4.012293,-2.512472,0.9727142,5.909541,2012-02-29 00:00:00,2012-03-31 00:00:00
-11.55216,-7.060659,0.9959096,2.74744,-4.467354,-0.510074,6.198403,-1.30382,-7.310137,-9.178357,-5.7624,-2.123609,-7.116788,-0.5663292,0.1681426,-3.507164,1.036462,1.999048,4.410911,-1.451613,-8.282659,3.191834,6.020306,-3.196234,6.878052,10.78536,-3.220099,4.340784,-4.045133,-9.589603,2.121906,-8.229426,-0.6062867,-1.05068,2.453207,9.261373,1.774551,1.574964,-0.7524562,3.156841,2.829504,5.174058,4.71859,-4.210858,10.45115,4.614812,-2.173913,1.293641,2012-03-31 00:00:00,2012-04-30 00:00:00
-16.18719,-1.028332,-8.328931,-6.36107,-9.518625,-4.279592,1.121448,-3.174312,-8.644649,-6.382979,-3.246034,-3.456416,-1.479351,0.4941885,-4.886412,-15.96698,-3.592814,3.765262,-13.72985,-13.91121,-9.567902,-0.7536505,-14.32288,-3.381655,3.828624,-9.587658,0.07312614,-0.06209252,-9.074076,-19.75136,-0.4350629,-17.3913,-6.912626,-4.996877,0.7981554,0.3401953,-7.521896,-14.76869,-6.454606,-0.8726379,-2.84572,-5.064354,3.549744,-13.1002,-10.28504,-0.3969598,-5.146199,-0.4711992,2012-04-30 00:00:00,2012-05-31 00:00:00
-0.3458528,3.578624,3.134675,-2.26097,14.84899,1.730665,6.543984,8.217203,5.696482,-9.185606,7.131902,4.336974,12.30537,0.4835089,6.148561,-0.04125838,-4.376059,4.913558,8.795524,7.80943,-2.478459,8.739924,2.624506,5.097411,4.36055,9.539072,2.93484,8.65416,-2.937931,3.394945,4.337271,-5.756579,7.3136,1.476214,5.422349,7.732575,6.016713,0.4262373,1.389321,5.101857,2.522681,-1.509705,4.571882,8.890705,-4.642683,7.100539,4.090906,6.793394,2012-05-31 00:00:00,2012-06-30 00:00:00
8.53855,-8.328179,-3.564728,1.715328,6.574142,3.987241,3.748358,2.457075,10.08467,-3.649635,-1.436287,1.106459,4.427549,4.22753,1.819196,-1.042204,6.805851,-2.023716,3.79194,-2.45052,-3.715291,-4.494382,9.782776,-3.999492,7.657852,3.176815,3.919453,4.109985,-5.229501,-1.021525,3.658821,-29.14485,3.867299,-1.628134,3.438396,-0.40261,3.442487,3.077105,0.2045199,6.740995,0.5452821,12.70073,2.956785,1.469045,10.30534,2.765904,2.994012,-2.888824,2012-06-30 00:00:00,2012-07-31 00:00:00
7.145886,13.96447,-2.556456,8.575529,-0.3441748,-5.496127,-3.808537,-1.706926,0.2905486,1.641334,4.316679,1.305431,7.330907,6.28046,2.147858,1.754681,4.718035,-3.331071,5.700077,5.921052,-1.922556,-2.169595,1.954552,-1.652039,-3.375527,-1.483249,1.487889,-5.58799,8.157145,9.551598,-1.161212,-8.374384,3.172771,1.655081,-4.839498,0.6360192,4.258594,0.7943143,-0.1519806,-4.954801,10.25702,-1.23436,-6.111767,-2.321039,2.493227,-0.4702294,0.5232558,4.970934,2012-07-31 00:00:00,2012-08-31 00:00:00
6.504292,11.30881,-8.759565,-0.9962686,-0.5180452,-2.440362,3.526901,2.194869,3.505399,5.567452,0.6867406,1.469292,4.937776,-0.9673896,-0.1943845,-5.045825,1.746201,0.01543686,3.642861,0.3549246,8.708822,1.533894,-0.06907985,-3.034819,2.893013,-12.18603,0.266035,-0.3793016,5.850548,10.13127,4.607873,-9.408602,3.922967,1.578566,3.710631,-1.294904,-0.246063,5.472127,6.466513,-1.19781,-3.815305,-0.8114035,-0.7639621,1.88363,8.366904,-2.256258,-6.260981,5.046136,2012-08-31 00:00:00,2012-09-30 00:00:00
-2.717796,-2.561814,-4.524387,8.459214,-8.713765,0.5621135,-2.716251,2.771731,3.915713,13.69168,2.350854,-2.432667,5.92961,0.4411533,-5.215322,1.485739,-4.755666,1.389103,3.911594,9.813163,1.864861,7.390835,-3.871146,2.347352,-7.183033,-2.797423,1.790017,-4.761905,1.820563,14.27262,-3.761375,-39.16914,-5.42151,-3.993559,3.603604,-2.877698,-2.776891,2.480854,-6.228007,2.926914,4.930834,-7.207605,2.123706,-8.250058,0.05719188,3.647852,2.057357,3.952786,2012-09-30 00:00:00,2012-10-31 00:00:00
-5.0708,-13.72298,-8.615022,0.6344785,3.286206,-14.05838,2.720192,-0.6756696,5.811911,2.598566,-1.573034,-1.363406,0.1505306,-0.4067677,4.512319,5.428892,6.863018,-1.623091,2.717758,-3.116147,0.4514107,3.563218,3.407124,0.6177897,-1.329864,-1.581092,-0.7439973,6.320755,5.772082,-7.51776,-0.7633588,7.317073,-3.286153,-0.7380074,-2.447665,7.037446,-1.331967,3.153519,-1.858246,0.3321059,3.721029,3.17397,-1.637654,-4.74924,-6.144613,0.3575907,0.5829943,2.754537,2012-10-31 00:00:00,2012-11-30 00:00:00
6.958598,-0.6148247,5.392282,2.842572,4.753977,-1.588352,-0.6457958,0.5306181,1.290608,13.10044,1.844046,3.54438,0.9433962,-6.27277,2.08906,10.38101,-5.75294,-0.03133814,12.35856,7.351713,4.852626,0.07561161,-3.241239,0.8480372,-1.230589,2.418019,-1.242225,-5.725123,2.353372,14.43448,0.7692308,9.090909,2.3181,3.060099,0.1291685,-1.433056,1.417323,4.081841,0.7786605,4.075395,-1.351156,-5.335603,-1.811884,2.599581,0.6992428,2.394527,3.592263,-3.610741,2012-11-30 00:00:00,2012-12-31 00:00:00
26.81269,-7.49354,2.036857,5.846107,8.15822,5.716207,6.016819,5.449358,1.770177,0.7256894,0.01724435,2.630191,8.267433,2.095657,8.292946,5.980618,4.094707,7.742947,4.555474,6.189579,-0.3472222,0.6954103,12.6285,7.541028,4.555812,12.17635,5.798114,7.124682,9.768883,6.597573,8.558195,8.333333,6.482337,13.24984,5.428809,10.01108,7.505176,5.94653,6.014095,2.528961,7.151793,9.847099,7.001357,15.21994,7.05559,4.565701,7.824541,5.303236,2012-12-31 00:00:00,2013-01-31 00:00:00
-0.9827278,-6.215084,0.2938678,3.620616,-4.033428,0.2537745,5.329013,3.786364,-0.3537736,-2.625483,1.052314,0.717772,-1.796641,4.829154,4.069654,1.345057,7.091249,1.861769,-1.995784,-0.0736377,-10.41692,5.732044,0.133232,5.019927,3.219316,6.069406,1.749752,-0.3859858,4.883873,-0.4506641,-0.2656434,-4.230769,2.529414,0.05820722,5.512557,5.444808,4.814637,3.046476,-0.6848887,3.319268,2.451839,0.2236136,5.634455,-6.729353,-0.9700428,4.835182,2.583837,-6.966945,2013-01-31 00:00:00,2013-02-28 00:00:00
7.834419,5.107433,4.573755,5.529594,1.82781,11.2617,4.813944,7.121272,8.146704,4.282316,3.710095,5.444698,6.698402,8.719822,2.221154,-0.05178217,9.795102,4.823105,0.614144,3.131909,4.715974,5.055802,-3.802184,3.932244,2.172097,5.516769,2.80321,3.832981,2.866308,5.408625,4.527967,2.409639,1.425523,5.054299,3.260507,5.027598,2.893891,4.358026,6.209232,5.877768,4.886433,3.547523,3.849879,-4.065966,9.006978,3.86551,6.107804,-4.109589,2013-02-28 00:00:00,2013-03-31 00:00:00
0.7959782,-22.65457,9.686283,0.6782314,3.740983,8.787703,5.317412,4.538207,-3.813326,4.258555,0.5823627,2.676399,-2.772466,3.082542,-1.505032,-8.134012,8.711082,3.595536,-4.608559,1.366116,-10.44834,5.53754,-0.6142342,-0.06984866,3.31994,0.4411002,6.611306,6.164583,-0.3923146,5.470163,4.922665,10.58823,2.684733,0.8344923,6.643254,1.862219,7.158197,-2.049109,-5.044538,10.39611,-2.1996,-2.197802,4.779669,13.89562,1.788574,3.897198,4.514154,0.6122449,2013-03-31 00:00:00,2013-04-30 00:00:00
-6.608479,5.802469,2.329875,4.016064,-1.250203,-15.70744,-6.163388,-0.48449,0.6583655,15.22385,2.53974,7.59975,-1.637625,-0.9916226,5.913494,12.92327,-6.100908,-10.05483,7.606902,6.520198,4.25838,-0.1772631,-1.880962,0.7730975,-6.5937,-0.4143089,-11.02457,-1.12298,-7.051084,11.447,-0.6771398,41.84397,1.42438,8.937931,-8.603184,0.4146673,-6.8545,2.031353,3.18201,-8.330222,6.933085,0.5309452,-8.473997,3.148107,-7.73669,4.963048,2.318204,-3.360029,2013-04-30 00:00:00,2013-05-31 00:00:00
-1.217236,-11.72923,-0.2059308,-5.967948,-11.52581,-1.467773,1.169165,1.995723,-0.8060111,-1.339286,-1.369416,1.775586,-4.460094,-0.9208633,-0.8343158,-9.337123,0.7868705,0.8516361,-1.958127,-6.686627,-7.523941,1.128418,-1.457323,0.6752037,1.171763,-5.144275,3.159091,-1.87684,-0.7513884,-7.732256,-4.881374,2,-3.592668,1.31724,1.583406,0.1907754,-3.250564,4.145707,-8.129026,-1.46994,-3.131284,1.4292,0.4410684,-2.414422,-6.750264,-0.2198939,-2.959193,3.595166,2013-05-31 00:00:00,2013-06-30 00:00:00
11.98676,0.1669449,-3.693768,7.344332,-23.20298,-0.9391192,1.708874,8.898207,5.442472,9.760827,8.339422,5.403441,-0.3159003,3.47081,7.389118,11.73705,3.494427,5.185185,14.88359,12.64926,4.526316,8.158235,13.49428,0.3700278,0.8928792,1.417756,4.990086,0.2000572,-0.1206934,8.692933,5.432877,-7.598039,6.379922,6.803916,5.506641,6.261201,6.275584,4.080613,2.056407,-3.789348,9.960375,2.818123,6.074652,-0.2017259,5.235602,2.793622,4.215224,7.990668,2013-06-30 00:00:00,2013-07-31 00:00:00
0.5237712,5.9,-4.882217,-2.069906,1.362862,0.6888308,-5.384615,-6.892974,-4.764513,-4.087678,2.220166,-4.908468,-2.824743,-10.58395,-2.737038,2.172728,-0.9130435,-6.561479,-5.507895,-5.437202,-5.049633,-0.8573909,-0.09529079,-0.6944019,-4.08279,-1.366867,-3.367957,-3.365659,-9.656157,-7.289714,-9.009009,-13.2626,-3.541586,-3.996239,-5.417256,-2.576111,-11.17517,-1.482302,-6.076543,-3.579313,-3.128583,-1.678156,-4.768039,-0.9432903,6.057946,-2.68766,-3.783012,-1.869655,2013-07-31 00:00:00,2013-08-31 00:00:00
3.661044,-10.84914,4.281165,4.655607,3.289316,-2.787799,1.674316,0.3240366,-4.899642,4.200123,4.841629,0.5842259,4.565376,1.058285,5.132946,7.849026,3.422554,1.79878,2.892119,1.513114,21.19746,8.371515,9.167284,6.765599,-0.02955956,7.19235,0.167064,2.796221,6.152724,0.3724395,-0.420042,16.51376,0.8884829,-3.345172,-0.3471039,0.5981511,0.7488767,9.083509,1.596533,1.529948,10.16828,5.61411,-1.608187,6.804951,1.358994,1.172333,2.907861,-9.559435,2013-08-31 00:00:00,2013-09-30 00:00:00
4.990949,-2.989324,6.757995,0.4252734,6.578336,-3.711201,14.62535,6.828931,0.2740143,2.00755,6.519697,3.315586,7.001757,1.266021,5.393183,-4.4028,10.40604,7.412399,1.14249,5.831942,6.660791,7.330903,6.066093,7.518879,8.492006,11.87718,0.8229098,8.384279,9.049255,0.5772006,10.58183,-12.33596,-1.26749,10.15009,4.78933,7.286487,7.550243,12.02806,-3.22389,3.959602,4.313793,18.61507,4.284299,2.715416,-1.787679,-2.536372,5.57711,6.158088,2013-09-30 00:00:00,2013-10-31 00:00:00
-0.0862069,-8.91416,-1.662358,6.896552,4.471101,-4.669604,1.074074,2.921835,3.916806,-0.1753361,-0.7227601,3.844387,-0.9370376,-0.6888517,6.608093,4.705043,4.201355,-1.394895,-2.233786,5.974843,0.9443985,1.103774,-5.655143,4.85409,-2.734807,1.941409,0.2611819,-0.6715015,2.885395,8.487085,4.487004,8.982036,2.921047,4.734411,-3.471218,-1.873516,-4.003725,-6.259175,0.7938161,-12.58712,5.760403,-1.945257,0.1211558,-1.165695,-1.372165,7.549538,4.91502,4.94233,2013-10-31 00:00:00,2013-11-30 00:00:00
2.628897,-6.455876,8.871644,-2.241548,-0.7835334,1.783723,-3.561725,-3.243186,2.352668,-9.660421,-2.953297,3.134939,4.77929,-1.032379,5.048311,6.504986,2.211074,-1.357919,5.260824,3.679525,11.0219,-2.445152,2.274886,2.637234,-0.1420051,5.861558,-0.817817,5.119379,4.77896,-1.530612,0.3665881,6.318681,2.017315,5.226452,0.4724634,0.3509134,-3.137886,-3.03246,4.39114,-4.3222,8.057512,-2.98455,-1.029447,0.8392206,10.72348,3.678104,-0.9755902,11.24342,2013-11-30 00:00:00,2013-12-31 00:00:00
-9.048193,-6.209292,-5.451744,0.8141428,-5.521472,5.878057,4.700364,-3.406485,-1.797268,-2.25183,-8.067941,-0.1321586,-5.353183,-10.4789,-8.59893,-9.924097,-9.980003,2.332995,-3.395291,-8.096487,13.85415,-3.577251,-2.818777,-9.373811,-3.960068,-0.2585371,1.595214,-8.257359,11.59293,-8.962157,-3.818893,-11.36951,-10.63165,-3.660076,2.756439,2.231822,5.873418,-8.486272,-5.805832,8.120216,-4.561688,2.767015,3.217223,-7.917981,4.977962,3.714286,-6.886561,-2.439631,2013-12-31 00:00:00,2014-01-31 00:00:00
6.014041,7.685185,1.861704,8.202584,9.404388,5.985332,0.896041,4.876599,1.756955,2.874331,3.478194,3.076432,-0.5103945,11.2636,5.790717,15.42882,12.29642,1.472826,12.14725,0.1251564,3.137511,7.171275,6.670409,1.271343,-4.171669,-0.1502509,5.626431,2.952868,7.82426,2.530044,8.510638,8.163265,4.236725,5.196507,5.189094,6.938163,6.456241,10.56273,5.375316,2.848324,3.997278,11.72316,3.960213,10.2204,2.000494,4.055486,-0.6701771,1.845019,2014-01-31 00:00:00,2014-02-28 00:00:00
3.880561,1.394644,4.256866,2.430589,2.855625,10.35843,0.6818745,6.632653,6.634068,1.364522,5.789474,7.15209,-0.5421891,-3.245923,0.6902694,2.103893,0.8339376,0.479684,-0.9913322,10.28125,1.833031,0.4736596,4.83871,1.681111,9.834012,5.72299,3.851092,4.59772,-3.814935,-2.118034,-3.192559,8.086253,3.104136,7.92818,4.475484,-1.341901,-1.707098,3.315881,3.953124,1.464079,-5.981766,2.749684,5.89172,-0.5359815,-0.7829649,4.035924,2.29619,-4.538578,2014-02-28 00:00:00,2014-03-31 00:00:00
7.57722,5.930034,3.393507,2.97899,0.08,4.380215,1.814059,3.115138,-1.073661,4.326923,5.628998,-0.2010454,1.703578,2.049248,2.52838,1.248406,0.1269749,4.591407,1.11356,-3.546868,-16.80627,-3.102139,4.153846,1.150133,3.124061,-2.161161,0.6035003,7.160032,-2.202532,0.6512605,1.19507,1.995013,5.558826,-6.872587,5.182394,-7.816092,5.835361,1.041667,2.06764,5.855705,4.472397,7.505383,4.14608,0.4827369,3.918186,1.476074,5.657238,3.8299,2014-03-31 00:00:00,2014-04-30 00:00:00
2.400179,-7.813129,3.240492,0.7511165,-0.09992006,6.075031,0.08908686,0.8623425,2.22558,1.795666,8.521584,3.021455,6.020878,-7.402894,3.110568,1.804129,-2.823019,-3.533467,1.25043,2.037201,-2.656384,4.348242,2.451994,6.165288,-0.6442577,6.579922,5.24895,3.615059,4.866304,-0.6888745,3.278265,-2.200489,-1.329521,-0.5597015,-2.585104,1.648326,0,0.6577357,-5.61852,1.460848,0.03344481,1.105857,-5.29814,4.114882,11.35879,4.642126,0.5174353,2.474634,2014-04-30 00:00:00,2014-05-31 00:00:00
8.596855,11.26221,13.10395,5.454637,-0.5750077,-0.9503123,-0.2590619,3.114528,-2.143511,4.86618,7.242932,3.505317,5.315086,2.096547,0.4840407,0.8892958,-1.210428,4.375352,-0.6419283,8.449074,-4.87456,2.228328,13.80627,-1.174432,-0.3101212,2.263027,2.342121,2.087763,4.204798,-0.9880177,2.224444,4.75,6.319733,4.981368,3.202289,0.03081981,0.2617801,7.47884,-1.676069,-0.8856555,4.916827,5.572887,3.075571,3.68757,25.08271,0.5679147,0.9612726,-5.945541,2014-05-31 00:00:00,2014-06-30 00:00:00
0.09101021,-2.083333,9.676375,-3.154967,-6.754297,-14.80263,-6.608524,-4.329956,3.305671,-0.5693159,-2.938053,-3.158295,-5.349048,2.830026,-1.640603,-9.657139,-5.044821,-2.776654,-9.811105,4.611309,-16.1727,-2.523801,-8.105129,-5.425677,1.952455,-0.7870946,-7.148888,-3.19504,-2.128333,3.864119,3.531462,-6.682578,-1.003447,0.199362,-5.200976,-9.469036,-1.656587,-13.92977,5.737298,1.531833,-5.951048,-7.40094,-7.1185,-4.79392,-2.71431,-1.443609,0.3577018,-3.798141,2014-06-30 00:00:00,2014-07-31 00:00:00
2.141847,8.751506,3.745638,0.5941182,3.578399,8.588861,3.976124,4.340371,0.3882715,2.291422,-1.551515,1.767482,9.317964,1.700788,2.811734,4.654931,5.415415,3.728403,4.68393,0.3586065,3.814031,5.795632,1.522281,0.9463254,-1.77016,5.252803,4.971203,6.108375,8.011317,5.602126,0.2849003,6.649616,1.0124,0.1591723,6.001084,4.313336,4.959785,8.497519,0.9221274,7.546093,2.398367,0.5380253,4.962082,6.161089,4.962034,7.588096,4.633549,5.27589,2014-07-31 00:00:00,2014-08-31 00:00:00
-6.465709,-14.82996,-0.2863688,-5.165675,-6.523807,2.004787,0.3797743,2.757158,-3.60825,-15.04882,-5.786752,0.8359253,-6.156112,4.344931,-1.611111,-9.048308,4.444022,1.054196,-1.498925,-1.148545,-4.786806,0.2468871,-7.251003,0.9863352,0.8009154,4.299066,-4.120722,7.922724,-5.441209,0.3291384,-1.538826,-18.22542,-7.825415,-0.5604745,-1.904617,4.386349,-6.726266,-5.239811,-1.284451,-7.709382,-5.987933,-5.90107,-5.140084,-6.630227,-5.963136,2.992306,2.001012,6.045406,2014-08-31 00:00:00,2014-09-30 00:00:00
-10.0827,-18.61171,-2.326249,3.410513,-0.2251745,7.333529,6.228502,1.116427,-2.271144,-3.876825,-4.747445,2.352034,7.209159,-1.372048,8.533315,10.75921,5.396185,9.870269,-0.1359871,0.4320361,16.90862,-3.135069,-2.979644,6.735171,0.1587489,-0.8602151,6.546894,5.224205,7.020738,3.31932,5.363926,-17.88856,0.527992,-4.251905,7.991588,0.5029865,15.05404,-15.433,-13.3962,14.01315,11.10717,-18.3324,15.48837,-7.5091,0.2890696,7.406383,2.861351,-0.0497884,2014-09-30 00:00:00,2014-10-31 00:00:00
-14.00778,-1.918977,10.25657,2.037317,3.294967,-0.2949694,6.45544,1.087893,4.077559,11.63946,-8.426888,3.289153,4.282339,20.6296,4.670471,0.1533729,2.902833,-0.5411394,2.649171,3.383265,-0.9009009,-2.049807,-12.88263,5.426785,1.549943,1.427698,1.543298,3.971866,7.919402,0.821969,2.110576,-0.3571429,-8.402277,-2.366988,-0.8519961,5.137284,2.004008,-14.6625,-0.6844056,4.759752,0.7026509,7.628399,0.2803315,-10.30024,-6.773554,0.7041649,-0.3272653,10.64869,2014-10-31 00:00:00,2014-11-30 00:00:00
1.606981,2.848208,-2.577181,0.6430257,0.2937717,2.515897,-0.174842,-3.399538,1.105338,-1.462174,4.525503,0.6240822,1.642594,2.581081,2.642264,-0.9957423,-7.111486,3.263288,-8.030882,1.348988,-0.2710832,-3.756712,-0.1597587,1.137191,-5.059356,-1.818345,3.33307,-0.9543046,2.931484,0.2594034,1.14581,-4.301075,3.040323,0.9314318,6.911808,3.639809,-0.2937993,-3.558357,-1.066782,2.728754,0.92676,-1.631579,6.761134,6.299901,-12.0528,2.021067,6.11836,2.649457,2014-11-30 00:00:00,2014-12-31 00:00:00
-8.574912,33.06878,-8.955635,4.686267,6.659365,-2.804746,-6.560499,-4.236397,-4.066039,-4.112301,-8.803939,-5.29004,-0.1114517,-3.029904,-1.229309,-3.266977,0.6546645,4.309313,-6.551542,-10.84545,-4.773745,-0.717566,-3.535886,-11.09112,-0.6059611,-6.970167,-2.284613,7.773493,-1.900887,-13.21408,-0.04263218,-3.745318,-8.602246,-11.40051,3.809193,-1.65496,9.984089,0.6535948,-4.444029,8.299194,4.748383,3.424291,5.745165,-0.75673,-2.403204,-1.611685,0.2143414,-3.022281,2014-12-31 00:00:00,2015-01-31 00:00:00
11.24611,4.691849,1.354419,14.90906,9.385911,-5.030734,1.574657,3.081395,-1.649836,11.0809,4.635646,6.224222,-1.251294,5.08742,4.560066,2.558365,13.46504,-8.982158,5.035971,8.722222,18.01567,11.34239,2.74345,3.662703,4.981774,7.644983,-3.943662,6.007533,9.634212,11.65069,5.831099,21.01167,5.051844,10.31325,-8.509927,2.048668,-4.954792,-0.7010416,6.370516,-4.901153,1.189759,7.794447,-7.842688,-2.65,11.81031,3.063131,5.930391,0.6384982,2015-01-31 00:00:00,2015-02-28 00:00:00
-9.273318,-17.45184,-5.954887,-3.328726,-13.10763,-0.9139151,-1.532219,-1.863233,-0.179111,-1.22399,-4.509202,-0.7118087,-5.582455,6.820252,-2.193893,-2.524081,1.484394,-2.253342,-6.456759,2.810424,3.141593,-0.7191379,-0.8555133,-4.708542,-5.52662,-5.71638,-0.1318678,-10.2503,5.674418,-1.716902,-2.195482,-13.82637,-1.593551,-0.9877491,-0.7683753,-2.765465,2.16895,3.535888,-0.8892182,0.3242122,1.768471,1.988161,-2.903099,-5.363436,4.454656,-9.936804,0.2442964,8.751989,2015-02-28 00:00:00,2015-03-31 00:00:00
13.30485,22.0175,4.09338,-2.25724,-4.472427,1.219875,2.408739,-1.39165,0.350365,-1.189962,9.090909,1.286765,-4.94721,-3.94785,-5.189451,-0.2740912,12.66851,1.028914,10.04909,5.641153,-6.490696,-2.098269,13.38686,3.703322,7.622194,-2.011271,1.099228,0.05997601,-2.546948,3.493789,0.7110568,-15.67164,5.791579,5.052072,-1.31367,-8.908929,-9.425486,3.721881,6.722742,-6.902792,-3.290247,7.67537,-0.7676768,9.726027,1.186005,-1.920414,-8.66679,-8.089465,2015-03-31 00:00:00,2015-04-30 00:00:00
-12.19766,2.831257,6.646336,3.738562,4.204545,0.3731117,-0.7566779,1.686798,-2.348242,-3.987342,-5.186095,2.254267,3.332275,1.28932,2.364055,-1.41599,1.892923,-1.32941,0.7215954,2.40907,0,2.384354,-4.058768,-0.5874013,-0.2886836,-8.237776,1.998237,2.297702,4.48925,1.520484,4.696251,0.8849558,-6.338754,3.24826,-0.5023233,1.597231,-0.5809129,-13.36008,-0.200279,-1.328412,4.465371,-5.842828,-0.8323238,-2.384519,-0.1758156,-4.498884,0.2422774,5.921627,2015-04-30 00:00:00,2015-05-31 00:00:00
-0.5818751,-14.15593,-11.73825,-7.807476,2.80174,-7.123855,-1.861456,-2.676253,4.984237,-1.054713,-3.564698,0.5003574,-2.374652,2.912254,-3.004777,-3.216525,3.687786,-6.747656,7.124785,-3.205719,-3.285516,-1.093272,-4.521979,-2.32816,2.83729,-5.043478,-7.371441,-3.444843,-1.287306,2.14497,0.9876543,5.263158,-6.339806,5.266545,-4.924357,-4.339867,-5.926544,-2.512563,-4.120247,-6.589809,-1.566471,-4.028738,-6.427801,0.4287557,13.70156,-5.490041,-5.916758,6.604792,2015-05-31 00:00:00,2015-06-30 00:00:00
-11.76734,-26.49829,-4.816702,5.76448,-8.345784,2.1324,8.49297,2.821671,5.501456,-0.2248337,-16.90387,2.898293,-2.571429,0.2695087,-1.918341,-1.26534,5.886899,5.097706,-4.179907,3.80736,-1.78744,2.423278,-3.909966,5.623775,-0.8746495,-3.468407,7.940278,11.18381,4.116959,5.918978,3.778896,-19.58333,-8.282368,-7.579891,7.797428,4.570528,10.78485,-17.04447,-0.4119021,5.698614,-8.929101,-5.753647,8.96153,-9.73383,-8.555497,2.327776,10.31284,7.896335,2015-06-30 00:00:00,2015-07-31 00:00:00
0.7456363,-0.5824112,-0.6037313,-5.225366,-4.913833,-3.235594,-7.341045,-5.480891,-4.066866,-6.473365,-2.363925,-7.245724,-8.960573,-4.384856,-5.419063,-5.287217,-5.270511,-3.41656,-7.57653,-8.29493,-1.106739,-5.759434,-5.976817,-3.917579,-4.43293,-6.952882,-2.577806,-1.471129,-16.38396,-8.518645,-10.65299,-6.217617,-7.288424,-7.23171,-2.982849,-3.000323,-6.717928,-5.166052,-7.945001,-7.570153,-9.95114,-3.404987,-2.309098,4.002849,-8.155488,-11.58258,-2.092705,-7.088778,2015-07-31 00:00:00,2015-08-31 00:00:00
-15.40923,-5.710766,5.606167,-5.237567,-23.27164,-3.446034,3.215705,-0.6703554,-14.30167,-2.162942,-2.42116,-3.712732,-1.020209,1.222494,-0.2603067,-10.81725,-3.284623,1.452546,-10.17253,-1.633166,-10.09699,0.8330492,-10.85692,1.065028,-1.86747,-1.938134,7.471855,2.621213,-3.425808,-7.23635,-11.19452,-4.972376,-2.60526,-6.124419,3.921006,2.636282,5.986985,-9.667764,-1.97444,6.898185,-7.684306,-7.071429,9.590766,-8.418232,-22.44867,3.114066,0.2698308,0.9547024,2015-08-31 00:00:00,2015-09-30 00:00:00
12.28526,21.09521,12.3424,12.39589,8.614594,-5.993266,9.785399,8.227102,13.8204,10.23137,12.72896,5.433301,8.414518,-1.881515,10.89088,-4.669368,7.131351,-0.6533222,11.51112,6.81174,15.35664,9.688297,13.32463,4.387476,4.314102,4.751309,4.591061,11.15809,15.95604,7.275838,12.04067,23.25581,15.21298,5.596107,1.517979,-3.47192,10.65225,19.36314,-3.373112,-4.208506,16.72247,1.229823,-1.263884,12.6833,7.028494,1.063228,7.930134,8.812878,2015-09-30 00:00:00,2015-10-31 00:00:00
4.96353,-5.395683,3.409206,3.403412,-6.362829,-1.129744,-0.4677972,0.9412304,0.6953731,-3.241053,1.31209,2.472428,9.682919,-5.336264,0.2479008,-2.072239,-4.86789,-4.029976,0.6650963,5.258103,-0.3637245,-0.9887827,-0.6525077,0.7017251,0.4774694,19.65265,-1.046512,-4.746155,-0.1759028,1.730299,0.2678571,11.32076,1.659858,6.797235,-1.348204,-2.021093,-2.540157,2.315848,0.4647357,-1.272794,-0.9956126,2.638572,-3.461612,1.40864,-7.302231,-5.433038,0.01860119,-6.006968,2015-10-31 00:00:00,2015-11-30 00:00:00
-17.4334,-2.156728,-0.9203336,0.1582422,-12.04664,1.684365,7.625116,1.461873,1.639925,-1.674808,-13.61702,-1.343013,-6.807585,0.1517241,-3.793588,-12.31444,-7.83965,5.357143,-6.459177,-5.976277,-9.109033,-3.71249,-9.591704,-6.581885,2.197802,-11.0141,1.407548,2.047401,-3.76836,-4.326123,-0.0222618,21.61017,-1.489269,-9.298054,0.5369504,3.429498,2.387131,-10.19907,-1.291063,7.65944,-5.263688,-14.38271,4.034874,-9.560187,-28.15003,-6.849315,-0.02976992,7.817138,2015-11-30 00:00:00,2015-12-31 00:00:00
-12.33498,10.95053,-9.956459,-2.240053,-12.64951,6.481815,0.8798115,1.674455,-4.06291,-12.39859,-16.29899,-7.597498,-14.57638,-0.261672,0.2389804,2.136121,10.95606,5.476957,-9.331951,-11.71761,-12.71989,-5.691555,3.612903,-3.148706,6.271972,-16.65681,2.724875,4.981962,-11.97298,-17.61795,-15.17632,-23.34495,-3.879502,-18.00143,6.010725,-1.299429,2.758881,-1.700577,-9.322773,-8.54035,-6.909025,-5.720477,7.639836,1.804467,-24.90272,-7.928389,-0.786959,-11.65565,2015-12-31 00:00:00,2016-01-31 00:00:00
2.588235,29.40882,-3.764618,-11.68776,10.58091,7.553892,1.463946,1.46262,7.950819,4.77387,-12.75514,-5.853787,1.444748,9.19366,4.643829,9.62888,2.140549,-0.3128194,4.803137,-2.291552,9.116279,-4.931862,-0.05531061,4.423516,2.468109,4.696837,-0.1996577,0.752741,-27.46589,-8.759981,2.351387,-2.727273,-2.286671,-1.516035,-1.046936,3.824032,-1.618242,-8.575814,6.075377,3.903877,7.946376,-1.080211,2.922706,0.02592193,-17.15026,10.28724,5.476865,0.2977925,2016-01-31 00:00:00,2016-02-29 00:00:00
21.35862,3.002967,9.327476,10.68902,2.341408,13.87742,3.952846,2.841935,4.274785,7.913669,19.03636,3.069054,20.59274,4.882091,6.221712,12.67808,5.575326,8.616048,13.32078,4.068946,16.2262,9.104808,2.830452,9.238736,6.008119,13.77614,9.952264,2.697616,14.94073,7.464607,7.976252,33.17757,14.33365,12.73372,8.654057,1.320277,7.588785,6.474576,15.58422,8.717466,12.23226,2.239328,6.601597,0.5564214,4.548154,0.8749683,6.396392,10.02919,2016-02-29 00:00:00,2016-03-31 00:00:00
13.23837,31.56509,-6.398764,5.010108,3.666667,-2.147239,-6.928853,3.585952,7.643622,1.547421,18.67395,3.349876,3.679793,-3.378707,0.450099,6.448972,6.299545,-2.354983,5.745535,9.720337,-4.592593,3.102582,8.935594,-0.3792548,0.3375952,8.24024,-1.129498,0.07979573,-1.832595,10.96891,-6.446784,24.5614,7.106918,17.2432,-1.654533,1.107612,-1.423011,14.96339,-3.638165,0.1153735,5.69263,10.33539,-3.096388,12.01228,20.65961,9.654305,-0.3559322,-7.04946,2016-03-31 00:00:00,2016-04-30 00:00:00
0.5199597,-7.32056,5.234993,7.976898,-8.878171,-1.458046,1.477754,1.258347,-2.397105,-0.5162242,-7.841398,2.268549,-1.930261,-12.83492,1.230721,-1.325747,3.130907,0.3717766,-3.953915,4.522863,0,1.965559,-4.41329,-1.132615,0.8500773,-6.094699,2.391073,1.483017,2.619283,0.6266206,1.876607,28.7324,-0.1050547,6.081081,1.7048,0.3623098,0.2133713,-0.7154552,6.345969,0.4257083,1.937748,-3.740167,4.167084,-1.578604,14.28571,-2.840356,3.674094,-1.98436,2016-04-30 00:00:00,2016-05-31 00:00:00
0.7172671,20.78983,3.830326,-1.841167,3.765359,6.098629,8.985032,7.640429,5.087281,-6.819867,-0.433889,-6.683754,-4.543004,1.512067,4.039924,-1.77339,-3.780502,9.663812,-6.855974,-7.631954,-8.320394,1.458547,3.643512,4.491221,10.37037,1.2729,-1.09224,9.303741,-17.31716,-8.975736,-0.8074691,12.47265,3.792079,-12.23301,10.15687,22.2294,11.35557,0.3356643,-1.27488,10.53548,-4.221671,-2.695127,8.57998,1.154816,0.4311371,3.634636,9.459503,-7.415165,2016-05-31 00:00:00,2016-06-30 00:00:00
-10.73211,12.47444,6.280488,5.695249,3.132162,2.530253,-5.768112,3.239901,6.19195,1.80599,-5.805826,1.352208,9.909305,7.891722,1.85016,9.187122,-2.677091,-0.2331274,-3.932253,1.904762,12.45358,-0.1854975,1.820941,0.3527664,1.300893,5.462234,-0.1059603,-1.827146,12.33453,3.724982,14.54394,33.46304,-2.241725,9.992706,-1.614205,-2.405498,3.129712,-0.4181767,5.824219,4.148615,4.051507,5.982717,-0.5972435,-1.098465,10.81831,6.647564,-0.2263468,5.701357,2016-06-30 00:00:00,2016-07-31 00:00:00
1.211556,-13.09091,3.73623,4,11.37037,-7.965127,-1.150135,-4.067611,-2.41566,-0.4739336,0.5634493,6.74547,-2.658924,-6.083128,1.113541,3.144128,0.6278468,-5.978669,4.077878,5.761421,-5.20701,3.944923,-1.88773,1.753102,-5.567106,5.293338,-7.769822,-2.378139,6.650224,8.970554,-6.100559,7.87172,-0.8266656,4.531388,-4.73749,-9.321045,-6.386293,-3.180696,-0.2286776,-2.162907,2.610927,3.088861,-7.016102,2.836879,16.56237,3.253053,-3.297036,3.068867,2016-07-31 00:00:00,2016-08-31 00:00:00
-0.7231075,2.811645,5.182502,3.633188,-17.87568,-2.088235,-0.786198,-1.01391,1.861759,-4.206349,5.89525,-12.83465,1.26048,-2.151304,-1.679313,2.022132,-2.948373,0.4770274,0.404637,-4.295656,0.6162295,-0.7857817,0.1779404,0.1281817,-0.6604697,3.365282,0.4843798,-3.409096,-2.535332,-1.068287,0.6425512,-6.621622,2.326506,0.5633209,1.669817,-4.294724,-3.660566,3.654292,-0.01888218,-2.579805,0.4030092,2.727458,0,-4.178898,10.7107,2.093583,0.3562115,2.133891,2016-08-31 00:00:00,2016-09-30 00:00:00
-10.53711,-5.726648,-7.629139,-8.526264,-3.802126,2.343046,-9.299191,-1.811563,-0.0210084,-1.502837,0.5468382,3.906956,-5.333064,0.0728014,-6.202122,-0.2575107,5.787038,-0.02498751,6.25,8.974412,-3.178023,-6.20276,-0.5213632,-1.463058,-8.296109,-4.18298,-0.6653168,4.570615,-14.88707,4.065213,-6.623409,4.63097,1.77808,10.0803,2.498132,7.175732,-7.248778,-3.553442,-3.248348,-8.345593,-0.9567266,9.768179,-0.2672011,-0.01371366,-4.978848,-9.586794,2.979925,0.5735354,2016-09-30 00:00:00,2016-10-31 00:00:00
16.65624,-12.41901,0.2750226,-7.439976,21.92358,-3.573709,1.048859,-3.378011,-6.492961,1.873935,11.66858,15.98459,3.007016,13.31609,4.566399,11.76112,2.373816,-6.744954,4.463913,9.59094,9.235048,2.24227,7.439601,8.316895,5.001359,15.20732,-2.562609,-3.31216,4.945353,15.11134,-2.981651,23.23652,7.562765,22.38433,-3.04135,-5.084197,-4.021045,11.0016,6.502445,-7.181026,10.77426,16.47668,-5.386699,-2.125909,5.136986,15.60314,6.503198,5.412559,2016-10-31 00:00:00,2016-11-30 00:00:00
11.75562,5.183693,4.524496,-2.133184,3.274648,9.16641,-0.4945681,3.513028,-0.06761325,1.421405,3.338829,4.138322,-2.400259,-6.486277,3.976942,-3.604176,-8.90034,5.218924,0.7823372,-0.08435259,0.4322659,0.7287046,0.4725252,-1.10421,10.09578,1.512305,2.931579,6.730074,-0.2369668,5.391027,0.8930917,27.27273,5.503765,7.200371,6.725243,7.026076,-0.4144854,-0.2620545,2.324004,6.610385,1.187041,0.9948702,4.713444,0.9230341,2.075207,2.319155,1.999425,1.264345,2016-11-30 00:00:00,2016-12-31 00:00:00
-13.01975,6.486645,1.516405,-0.5261818,6.955336,1.098901,6.142657,-1.701241,8.051421,3.538287,-2.752294,2.213754,4.12097,-10.72961,-2.100017,7.565669,6.716466,1.185261,3.044808,-5.192512,11.93953,2.482512,-0.2858845,-4.80635,0.3055755,8.688813,2.320117,5.264715,1.969517,-6.057547,9.449235,-8.553792,-5.395072,-0.8515636,0.1319663,1.972348,-1.073132,4.466631,5.138864,-0.9412819,5.743603,-2.909035,0.682012,-4.857504,-7.385999,2.797068,-1.988436,6.377257,2016-12-31 00:00:00,2017-01-31 00:00:00
-5.057217,-5.622933,-0.9839169,7.243409,0.3028371,3.267899,9.427887,8.615108,6.282613,1.375404,-1.924904,3.450008,7.628471,-8.011659,7.284676,1.686747,17.40395,6.276105,3.548387,5.387883,-12.81758,3.196537,-3.415269,-2.337856,-0.8776091,3.563421,5.855339,5.254285,11.3268,7.434976,7.924347,39.44069,2.002522,5.553088,2.777778,3.318754,-2.571314,-8.195062,3.855722,7.565337,0.01260239,-4.178506,2.988436,-3.275786,-1.733703,1.844739,5.496403,1.666374,2017-01-31 00:00:00,2017-02-28 00:00:00
-5.788886,-3.592378,-0.359116,5.933146,-6.444373,-1.988559,0.03374054,1.914737,2.104576,-7.102953,4.83498,-3.835522,1.687963,-6.091543,2.672391,1.825039,3.045318,-0.654149,1.346823,0.1909207,-3.027498,1.403399,-2.812345,1.456127,-0.5743001,-7.485747,2.494024,-3.902974,-2.833479,0.01671961,-1.486247,0.6224067,-4.56,-3.480535,1.549262,0.8306414,-8.907216,-5.685251,-3.158714,0.6251776,2.987478,-0.7631055,0.5973121,-2.157254,5.507863,-1.87141,0.03995866,5.290438,2017-02-28 00:00:00,2017-03-31 00:00:00
1.28604,2.578883,0.221791,4.57255,-7.710761,-3.752084,-1.428246,-0.8671216,7.365985,-0.1336474,-3.930218,-3.269853,-0.3237198,1.195869,2.351957,-0.1719577,-0.1482623,0.5974881,-1.299505,0.04234597,8.570646,2.991862,-7.055058,0.1491146,-3.469812,4.929892,1.925649,0.5040605,3.059668,-0.9039241,-1.13631,-8.591065,-0.6240104,3.09128,2.428753,-0.9610984,-7.025808,-5.853232,-7.953371,0.8754589,9.136744,-0.7522568,-0.1814283,-2.872475,3.514701,5.702417,-0.1919912,4.854863,2017-03-31 00:00:00,2017-04-30 00:00:00
-6.020889,1.00562,0.6254194,-0.505087,-15.41785,5.876324,-0.01541426,4.555554,6.806753,-3.051439,-6.199658,-4.356803,-2.686743,-0.1829329,5.041656,5.177124,6.205226,4.927216,0.4514107,0.1274968,-8.247163,2.90495,-3.435483,-0.6006848,-2.775675,6.115834,4.72317,5.098913,0.8325884,2.401895,4.628781,-15.86466,-2.017418,-3.026874,4.713644,7.116113,-13.55347,-10.96898,-3.845481,2.805364,0.9577465,-6.832899,4.593605,-4.241144,-6.62749,-0.9436203,0.1786205,4.392458,2017-04-30 00:00:00,2017-05-31 00:00:00
-3.87413,-5.01977,-6.563279,-1.632182,0.8837826,-0.6609749,0.2635315,3.150097,2.073849,0.6294964,-1.633475,8.349628,2.592556,-5.185857,1.819338,2.866202,5.937678,-2.439309,5.481104,8.27674,6.732402,0.2076063,-5.388705,4.359725,-2.076304,-1.878578,-2.167275,-0.4823788,8.253226,10.47241,6.460797,11.52815,0.8214148,7.202133,-2.684983,-6.853475,4.618016,-1.359359,0.786215,3.18445,2.46071,-1.160471,-2.198853,2.879202,6.979669,-1.260199,1.186553,2.341189,2017-05-31 00:00:00,2017-06-30 00:00:00
1.52724,14.75764,5.127445,-1.348148,5.738064,6.293319,-4.608473,0.3250435,-0.09910803,1.553585,3.840123,-2.652951,-1.432836,8.376363,-3.37192,3.501418,-4.537033,1.830362,-0.9882129,4.413341,1.665799,-0.8135593,4.19198,-0.2712723,4.728296,-7.493837,-0.8535954,-12.75681,1.776,2.347488,1.726196,9.054487,4.658296,-1.269798,1.200492,-1.918599,11.53552,2.155477,-5.954625,-1.950568,-3.840683,-0.5304119,2.59042,3.440788,4.953765,-5.463226,2.453988,1.845356,2017-06-30 00:00:00,2017-07-31 00:00:00
-12.66278,3.1477,-0.3893552,2.755669,-17.23281,-0.3632464,0.1055538,0.3725148,2.846325,-1.693405,-3.76901,-4.632086,-1.241672,-2.706904,2.154678,-4.410376,-7.206271,3.618666,3.655604,-1.414294,3.533026,1.237943,-7.419825,4.466172,-3.948718,7.628467,2.37412,-2.4165,-4.173872,-0.1467782,3.578691,-4.481998,-0.441538,-5.614715,4.913133,0.237977,-2.775025,-17.46174,-0.09005959,0.9767483,-2.833409,-7.659086,4.406072,-3.60084,-6.450598,2.862181,2.608117,4.657676,2017-07-31 00:00:00,2017-08-31 00:00:00
21.25445,-1.971133,8.582834,4.927863,8.879168,-0.5281225,-3.77618,-1.782881,1.144423,8.522212,14.63582,7.989035,5.330357,8.215661,2.73101,5.427281,-0.5903308,-3.871707,5.606288,1.415455,8.32097,-3.244893,10.70791,5.010493,4.564869,9.724527,-2.311939,1.09161,1.304241,6.923416,4.750687,-1.923077,9.180449,12.22792,-3.708401,4.050705,-0.3567788,19.31005,1.433266,-4.015296,4.979206,8.023599,-3.741184,8.929222,1.957661,10.13295,2.071371,-7.066782,2017-08-31 00:00:00,2017-09-30 00:00:00
-5.822137,-3.59904,19.45903,3.155832,3.47383,6.742766,-4.39327,7.230213,2.741036,3.777004,2.746029,1.795104,5.524537,0.05083884,9.666508,5.266917,-4.61759,5.231173,0.3536302,-2.51024,9.057386,1.593966,-8.256881,-2.131735,-13.0016,-0.6200847,-1.027668,1.261432,4.850203,1.044817,2.122704,-13.84314,-1.370213,3.029111,2.887481,-2.738848,-5.797556,-1.727786,6.189689,-4.723961,-0.6392285,-14.17258,7.343103,0.5606604,-5.031656,-0.1552126,4.982752,2.818646,2017-09-30 00:00:00,2017-10-31 00:00:00
3.894928,2.295354,-0.8537114,5.440239,8.728738,4.531824,6.443871,0.5505211,1.892353,2.03749,-0.5278592,1.282385,-0.5847953,2.503455,6.161716,-4.747996,0.464413,1.99264,1.717873,6.394558,1.901944,4.025716,-1.796875,4.092789,8.112927,5.973148,-2.369542,5.621302,18.05201,3.164988,3.946155,-0.8648157,3.642821,6.032837,4.626109,5.105133,1.982379,-5.299846,0.9390022,2.03568,-1.106095,-4.862777,3.900687,9.183831,1.929825,9.840449,0.6145796,-0.463546,2017-10-31 00:00:00,2017-11-30 00:00:00
4.061562,1.644609,2.9438,-1.380086,5.752996,-5.514265,1.567543,0.279911,-1.358157,-0.2396166,7.881289,7.437577,-0.3391747,8.931553,-3.19569,5.519713,-2.28983,-5.685131,0.914753,-1.6076,3.556616,-0.982203,8.068493,-1.893783,6.871908,4.52283,-14.6466,6.234972,-2.334579,-1.443709,1.241795,-5.601469,5.210522,4.574434,-4.548657,2.325791,-0.4859611,10.79848,-0.3572125,-5.469908,2.322608,6.424487,-4.403512,5.650432,6.062945,6.007905,4.924012,1.112127,2017-11-30 00:00:00,2017-12-31 00:00:00
6.404045,7.969083,4.289428,-1.513662,6.391271,-2.283684,-3.033317,-1.095047,11.43255,-9.958182,7.141556,8.422614,6.466251,15.27969,6.428177,6.431159,4.675982,-6.669837,7.059586,5.712177,3.71567,2.608436,9.185339,6.856903,-2.393348,4.126984,2.972536,-1.49839,4.982206,5.469695,9.436213,33.65759,0.1278057,9.687824,-3.489859,-2.801515,-12.3416,4.735758,6.700561,-5.958915,6.099339,1.611884,-3.206383,1.778441,2.951787,-0.4474273,2.468134,7.895133,2017-12-31 00:00:00,2018-01-31 00:00:00
-10.07721,-5.702296,3.072826,-6.021291,-3.498168,-2.910549,-5.196581,-5.41568,-5.886436,-3.281677,-7.145815,-10.67539,-6.686202,1.105689,-5.439638,-9.969449,1.057418,-2.904516,1.915709,0.5820106,-12.85047,-5.251307,-10.1631,-17.29266,-3.070761,-7.373765,-10.10355,-10.50611,2.724656,-3.410241,-2.944016,-11.86317,-9.825346,2.100399,-4.60053,-10.33804,-5.971087,-1.880208,-3.840106,-11.05282,-6.160837,-17.40888,-5.969298,-12.49833,-11.56419,-1.90191,-2.386068,-5.946812,2018-01-31 00:00:00,2018-02-28 00:00:00
12.01755,2.657297,5.660378,-2.568193,-7.75076,5.318574,0.1738774,-1.331999,-3.825143,4.429783,9.169582,-10.27221,0.844877,-7.929983,-6.789521,-3.615389,-11.7924,2.827183,4.996091,-9.644047,-3.987936,5.390397,-1.310177,0.2394407,-1.790634,-2.372735,0.2013171,0.08506351,8.735446,-10.58418,-0.6795955,-17.01073,1.89421,-1.023961,4.48589,0.7123957,-3.743315,1.575595,-1.54014,3.67619,-3.20961,5.189394,4.639519,0.2354573,-9.325208,3.209213,-2.017041,-1.987745,2018-02-28 00:00:00,2018-03-31 00:00:00
12.58396,0.5630919,-0.8832566,3.17727,10.99671,1.717508,-5.983837,-1.295357,6.857318,2.83242,10.47394,-0.8586147,5.085714,4.56575,-11.4477,-1.375779,5.243179,3.472312,-3.315022,6.248787,3.196991,5.617568,5.835135,8.446398,-6.97087,5.663573,2.863203,-9.964699,-2.937471,1.140741,-2.525587,8.258706,9.70712,-1.407276,0.9578544,-7.093775,2.780607,11.65016,-5.520433,-1.81885,-1.894515,30.03241,2.519936,18.93473,3.499598,-0.5951052,-3.364242,-3.842635,2018-03-31 00:00:00,2018-04-30 00:00:00
6.0186,-0.9162637,7.543114,-13.5424,2.003711,5.201562,-2.59803,-4.730577,2.201439,2.758007,3.307765,4.693108,1.495378,1.251223,2.149676,-10.27105,-1.521172,-2.587166,2.184561,0.4402862,9.498861,-1.492022,0.1604434,3.115274,-1.162079,6.241523,-6.116838,-0.659419,-3.157492,-1.854237,5.848959,26.19485,0.2121007,-0.3066188,-2.817837,-1.365743,6.547209,5.882299,-1.444752,9.56268,4.350936,-3.734235,-0.8809144,8.982656,4.391761,7.365948,1.746832,-0.4671348,2018-04-30 00:00:00,2018-05-31 00:00:00
11.16935,-2.783047,-9.945652,2.060473,2.124825,2.923411,5.478008,1.437887,4.234896,-4.155844,3.309096,2.685683,-1.510675,4.431335,-0.2585813,-6.594564,6.409222,2.488336,-3.673044,-1.497717,-0.6864989,-1.320394,-1.675323,-8.517052,-0.6497525,-0.5143422,6.17521,3.14157,1.361749,0.3448793,-0.8776207,9.176985,1.713596,-3.229629,2.091415,3.354065,9.896507,-1.176471,-1.139339,8.742411,3.010828,-4.509974,2.375297,0.2777599,2.230126,-0.7565144,-1.107545,-7.98009,2018-05-31 00:00:00,2018-06-30 00:00:00
-1.88369,-2.731371,-3.238785,7.099064,7.344028,-0.2347418,8.088096,9.213779,-1.882449,-8.016137,4.084736,3.336941,-6.253428,5.990541,7.930053,7.37594,8.590618,3.211937,3.661465,-0.3336689,1.927919,0.2636642,0.731016,12.85889,1.112428,12.01697,0.7705779,3.328051,3.024279,7.426778,7.93982,22.28152,-0.1265522,6.621205,4.73801,5.534064,-0.08035292,2.295918,3.743737,-0.1435636,9.78491,4.692704,2.66048,0.2987572,9.738104,5.794749,10.64667,3.36765,2018-06-30 00:00:00,2018-07-31 00:00:00
2.605516,-15.40349,1.298765,-1.8605,3.852541,3.665565,1.475496,2.315474,2.914021,-5.577689,1.745878,2.828232,1.550614,9.29265,0.006971772,0.07185502,-0.3011746,0.66315,-6.359776,-2.468674,5.55786,6.95096,-6.457346,3.259712,-0.09383798,3.343401,3.371567,-0.2726653,-10.81223,-0.2881469,1.983521,37.31588,-5.29214,0.5570456,2.39543,3.098625,2.516477,-17.3749,2.165559,8.028291,2.822048,-4.152883,2.664155,-4.837365,-0.5378152,1.023957,1,4.648913,2018-07-31 00:00:00,2018-08-31 00:00:00
6.698983,-2.223056,-2.353913,7.332133,3.954635,-0.1143903,-0.7969248,2.583711,3.657389,-2.42616,5.406509,-10.12312,-6.110247,0.8114285,-0.09956381,3.011283,5.850368,-1.501723,-0.7801026,-2.224353,2.495088,4.460006,-2.767693,-4.988607,5.134627,3.831109,-0.2580798,4.400258,-5.376344,0.7018529,9.754638,22.72547,3.224717,-6.871284,-1.036901,1.472344,-2.162478,4.946164,3.22911,-3.582671,1.525866,2.608432,-1.213377,3.926596,-7.014627,8.106493,-0.090971,3.70792,2018-08-31 00:00:00,2018-09-30 00:00:00
-19.81,2.384106,-0.8669909,3.982174,-4.741379,0.3435639,-8.218937,1.317218,-18.91296,5.084681,-9.316841,1.274734,-17.47753,-5.192155,-9.705282,-6.421579,-12.15753,3.261685,-18.14668,-6.610034,-10.49532,-2.315346,-15.77479,-8.745182,-7.272452,-7.019391,3.896104,7.842812,-8.35643,-8.753833,-5.645549,-41.04888,-8.693163,-9.578714,2.996426,5.04902,-2.233848,-20.32703,-23.66246,2.720771,-6.217009,-21.10553,2.456561,-18.37654,-10.51857,-10.20082,-0.9849491,-12.12169,2018-09-30 00:00:00,2018-10-31 00:00:00
-6.114983,4.592497,5.851278,-2.094567,16.35423,6.696933,10.61362,5.604118,9.966405,-1.465969,-5.321888,2.797406,0.4348631,-14.36339,10.03005,11.37669,-0.7741795,8.342811,0.5998724,8.409043,-5.895055,4.792687,-12.1029,9.107362,1.825293,2.217366,0.625,-15.69803,8.590329,-0.3478673,7.412242,16.9687,7.549537,-2.918097,6.530249,1.758601,1.615911,-4.067839,9.028264,10.86359,7.900771,-13.83873,6.795347,4.771135,4.069051,5.72941,5.309227,8.479804,2018-10-31 00:00:00,2018-11-30 00:00:00
-24.47779,7.602135,-4.826607,-4.674011,-18.8024,-2.780772,-0.3648069,-12.15112,-3.982495,-18.70351,-5.787247,-15.10685,-17.22832,-6.863021,-8.358984,-11.53184,-10.71429,-2.562945,-6.44004,-8.263496,-18.39146,-7.90519,-19.09338,-15.40463,-8.642766,-12.41654,-6.166713,-8.40638,-11.59218,-19.64809,-2.322755,-13.33333,-8.533714,-12.50076,-7.14741,-1.034164,-8.685016,-20.97725,-8.529814,-4.037053,-11.41061,-5.7844,-4.442605,-11.62728,-11.67374,-10.11185,-5.077333,-18.22856,2018-11-30 00:00:00,2018-12-31 00:00:00
33.33333,-1.558442,0.4048583,5.593208,10.5101,5.898005,-2.246797,3.122821,10.1337,17.01373,8.564555,7.118055,20.0366,10.45544,5.122284,10.07932,12.23385,1.714948,10.27219,11.73643,33.50413,7.343061,22.53326,8.069312,7.110449,12.17066,10.55418,-0.08098806,13.27804,23.81867,1.371598,32.23185,5.386525,14.63095,6.754306,-1.007651,16.10921,19.08316,18.2546,11.64097,9.656911,9.627907,5.443257,8.797654,22.13152,15.07632,7.506462,16.79513,2018-12-31 00:00:00,2019-01-31 00:00:00
7.12963,0.02931692,13.10339,-10.07194,-3.128872,2.503795,4.893158,3.353552,3.352186,-0.3409091,0.6977676,2.00368,-3.849085,0.3756676,4.267242,5.51978,-6.25,3.220475,2.567601,0.3058104,8.550107,6.790163,0.7916761,5.459473,3.526281,7.433863,2.713921,6.200608,15.13841,-0.04314151,6.357906,-3.60508,5.350459,10.62992,4.934183,4.99399,3.409759,-0.3220793,3.971307,-2.982991,5.517793,12.74928,5.280984,-0.9433962,-0.8911994,5.97405,5.83255,1.173365,2019-01-31 00:00:00,2019-02-28 00:00:00
4.56093,5.278753,1.397281,1.60314,-12.5892,3.169376,6.999896,2.305328,8.805032,0.1140251,-1.635962,-3.146923,5.825633,10.49009,0.1880515,2.453112,0.1413428,0.3792104,-7.5211,-3.90625,-2.474956,4.791694,-1.11212,1.397459,0.7712082,4.233129,-0.06759285,11.14597,-6.625484,-2.75086,2.98892,8.457289,3.010537,-15.14417,1.724501,3.749548,5.173394,11.64786,2.150148,4.427399,2.783421,5.079606,3.670687,1.320347,9.123671,-0.2981515,3.154707,-12.18837,2019-02-28 00:00:00,2019-03-31 00:00:00
6.458575,-10.97106,-4.953445,6.98812,-4.393995,1.635747,3.615819,1.008656,-6.161604,20.89977,-5.424034,0.1862583,1.746393,-3.5385,-8.792954,5.333502,20.60692,1.244444,3.953611,-0.9575425,-0.6632065,4.270987,-2.04269,-4.940039,0.3103005,9.165819,-1.669817,-5.397876,0.2529511,13.62906,-0.06710263,8.268025,-2.532879,7.187671,0.7776175,8.725943,-4.552255,9.421755,-0.5882353,-3.956186,13.58036,-13.34776,-0.8219525,-11.0574,-1.357939,5.885168,3.300934,8.16246,2019-03-31 00:00:00,2019-04-30 00:00:00
-12.8821,6.535738,-13.18408,-1.720009,-17.77097,-4.934422,-0.3816794,-6.48207,-3.748362,-8.899522,-6.130514,-7.462957,-14.92537,4.846987,-14.97184,-8.690105,-6.597291,-5.036519,-17.69777,-14.03544,-14.00818,0.005432421,-18.72071,-11.67632,-1.22739,-3.943541,-4.645947,-9.699982,-19.23183,-11.5336,-4.311212,-0.796236,-4.238268,-12.43161,-0.1909156,6.280855,0.05750431,-20.53581,-8.383795,10.19661,-3.482587,-10.17706,3.46181,-15.47215,-6.883162,-5.306157,1.872555,-5.785937,2019-04-30 00:00:00,2019-05-31 00:00:00
14.29932,16.7306,8.696639,7.677665,16.84326,-0.2911814,5.01813,6.199009,11.83886,7.457983,3.459973,6.648636,17.2267,7.65693,8.507042,13.65084,11.07841,3.072071,20.91708,3.420005,5.897741,7.51095,16.16061,11.13861,9.581426,2.147177,5.585911,-1.977784,13.04942,12.679,10.46894,10.79898,9.301713,6.569717,2.664294,1.568657,6.206897,4.672897,8.591228,0.3816794,7.493067,15.0397,3.500931,2.671856,7.758751,1.39705,5.981365,-9.06427,2019-05-31 00:00:00,2019-06-30 00:00:00
1.997798,-5.068885,5.598496,-0.7581501,0.6392329,-6.007509,1.778211,-6.504882,2.527472,-5.448048,-2.657901,2.303466,-3.530752,-0.2424662,0.7961232,-4.28388,15.29145,-1.722575,-3.186432,6.966187,-3.692779,2.172812,0.5787619,15.68703,3.156535,-4.118798,-4.450177,-0.5913411,3.553913,1.613594,3.9621,0.2634178,-1.068788,0.7709251,-0.602127,13.21346,5.571724,-1.428571,7.498187,1.950202,-2.376253,3.085668,2.506897,2.147971,-12.12554,6.410029,1.412846,1.460795,2019-06-30 00:00:00,2019-07-31 00:00:00
-2.914867,9.22782,-5.582555,-23.77943,-26.99484,5.737142,4.025064,-0.6956207,5.003134,-3.777544,-11.67908,-2.743506,3.541913,24.84489,-6.590657,-8.165586,-8.823044,8.073827,-13.24486,-10.35806,-22.37927,2.270361,-18.86415,0.1489711,3.553598,-8.46126,-0.2699966,-7.07457,-7.989567,-8.887846,-2.043628,3.284072,-3.395641,-15.77869,2.006136,4.951554,-4.320666,2.825358,-7.516759,8.83079,-2.078279,-13.91609,12.80147,-15.34268,-4.220779,-9.457417,2.008547,-5.634554,2019-07-31 00:00:00,2019-08-31 00:00:00
-3.543821,-4.594867,8.690149,12.48813,11.78055,2.221752,1.409523,0.7946401,-0.5457646,-0.1090513,9.198927,8.310071,6.629393,-0.1214499,1.657185,8.977021,7.440934,3.364244,13.86955,7.489301,8.679818,-3.778683,7.026269,0.977583,7.317073,3.223212,8.062865,-4.623216,3.737411,7.350427,-1.933896,-7.821939,0.7475365,8.147162,3.299655,-2.202171,13.60174,-0.5314438,7.297277,1.217061,2.194944,6.961733,-0.6995928,4.073635,3.544075,0.01234873,-3.230081,-0.8393829,2019-08-31 00:00:00,2019-09-30 00:00:00
8.713624,4.773207,9.703086,-0.5542424,-3.02439,-5.837301,-6.455473,2.055959,-12.31279,-4.664945,-2.378839,2.359239,5.451263,0,0.3588808,6.030614,-17.44039,-1.669101,2.993363,4.097485,2.996989,-3.014543,-4.331285,-3.880821,3.117923,1.825671,6.351223,9.511003,5.364591,4.02432,0.3298601,17.04036,-2.074199,-0.8637673,-4.241877,-5.239048,4.667729,-14.24755,-8.038784,0.04412576,2.986771,-7.758621,-0.7360673,-8.927367,-7.273483,2.148413,-2.426087,-1.876001,2019-09-30 00:00:00,2019-10-31 00:00:00
-5.56654,-3.347596,3.250417,15.75281,-4.17505,-1.603359,2.603853,4.848642,6.870926,5.471478,8.586957,6.477522,1.027045,17.62633,3.794395,6.787305,4.511355,-5.459216,3.064177,4.748663,2.555647,-2.811475,10.73723,4.765967,-2.883866,6.318681,1.612422,10.96227,13.82177,5.258615,2.200694,15.38461,1.847234,7.627637,-1.869306,1.410426,0.2782931,8.434245,1.721289,-5.762372,3.325715,5.620429,-5.460195,-4.765432,1.837741,6.94635,0.6238303,6.327681,2019-10-31 00:00:00,2019-11-30 00:00:00
